{
    "dataset_name": "Iris Dataset",
    "total_samples": 150,
    "training_samples": 120,
    "testing_samples": 30,
    "number_of_features": 4,
    "number_of_classes": 3,
    "feature_names": [
        "sepal length (cm)",
        "sepal width (cm)",
        "petal length (cm)",
        "petal width (cm)"
    ],
    "target_names": [
        "setosa",
        "versicolor",
        "virginica"
    ],
    "best_k": 5,
    "accuracy": 0.9333333333333333,
    "precision_macro": 0.9444444444444445,
    "recall_macro": 0.9333333333333332,
    "f1_macro": 0.9326599326599326,
    "confusion_matrix": [
        [
            10,
            0,
            0
        ],
        [
            0,
            10,
            0
        ],
        [
            0,
            2,
            8
        ]
    ],
    "classification_report": {
        "setosa": {
            "precision": 1.0,
            "recall": 1.0,
            "f1-score": 1.0,
            "support": 10.0
        },
        "versicolor": {
            "precision": 0.8333333333333334,
            "recall": 1.0,
            "f1-score": 0.9090909090909091,
            "support": 10.0
        },
        "virginica": {
            "precision": 1.0,
            "recall": 0.8,
            "f1-score": 0.8888888888888888,
            "support": 10.0
        },
        "accuracy": 0.9333333333333333,
        "macro avg": {
            "precision": 0.9444444444444445,
            "recall": 0.9333333333333332,
            "f1-score": 0.9326599326599326,
            "support": 30.0
        },
        "weighted avg": {
            "precision": 0.9444444444444445,
            "recall": 0.9333333333333333,
            "f1-score": 0.9326599326599326,
            "support": 30.0
        }
    }
}